P1_to_P2_relative_position,P1_to_obs_1_relative_position,P1_to_obs_2_relative_position,P1_to_obs_3_relative_position,P1_to_obs_4_relative_position,P1_to_obs_5_relative_position,P2_to_obs_1_relative_position,P2_to_obs_2_relative_position,P2_to_obs_3_relative_position,P2_to_obs_4_relative_position,P2_to_obs_5_relative_position,P1_to_goal_relative_position,P2_to_goal_relative_position,P1_to_P2_relative_position_tag,P1_to_obs_1_relative_position_tag,P1_to_obs_2_relative_position_tag,P1_to_obs_3_relative_position_tag,P1_to_obs_4_relative_position_tag,P1_to_obs_5_relative_position_tag,P2_to_obs_1_relative_position_tag,P2_to_obs_2_relative_position_tag,P2_to_obs_3_relative_position_tag,P2_to_obs_4_relative_position_tag,P2_to_obs_5_relative_position_tag,P1_to_goal_relative_position_tag,P2_to_goal_relative_position_tag,P1_action,reward,timestamp_milliseconds
"(-1, 0)","(63, -27)","(0.0, -78.0)","(100.0, 0.0)","(-24, -98)","(29, -110)","(64, -27)","(0.0, -78.0)","(-23, -98)","(101.0, 0.0)","(30, -110)","(60, -21)","(61, -21)","(-2, 0)","(62, -27)","(0.0, -78.0)","(99.0, 0.0)","(-25, -98)","(28, -110)","(64, -27)","(0.0, -78.0)","(-23, -98)","(101.0, 0.0)","(30, -110)","(59, -21)","(61, -21)",0,200,6889
"(-2, 0)","(62, -27)","(0.0, -78.0)","(99.0, 0.0)","(-25, -98)","(28, -110)","(64, -27)","(0.0, -78.0)","(-23, -98)","(101.0, 0.0)","(30, -110)","(59, -21)","(61, -21)","(-3, 0)","(61, -27)","(0.0, -78.0)","(98.0, 0.0)","(-26, -98)","(27, -110)","(64, -27)","(0.0, -78.0)","(-23, -98)","(101.0, 0.0)","(30, -110)","(58, -21)","(61, -21)",0,200,6926
"(-3, 0)","(61, -27)","(0.0, -78.0)","(98.0, 0.0)","(-26, -98)","(27, -110)","(64, -27)","(0.0, -78.0)","(-23, -98)","(101.0, 0.0)","(30, -110)","(58, -21)","(61, -21)","(-4, 0)","(60, -27)","(0.0, -78.0)","(97.0, 0.0)","(-27, -98)","(26, -110)","(64, -27)","(0.0, -78.0)","(-23, -98)","(101.0, 0.0)","(30, -110)","(57, -21)","(61, -21)",0,200,6963
"(-4, 0)","(60, -27)","(0.0, -78.0)","(97.0, 0.0)","(-27, -98)","(26, -110)","(64, -27)","(0.0, -78.0)","(-23, -98)","(101.0, 0.0)","(30, -110)","(57, -21)","(61, -21)","(-5, 0)","(59, -27)","(0.0, -78.0)","(96.0, 0.0)","(-28, -98)","(25, -110)","(64, -27)","(0.0, -78.0)","(-23, -98)","(101.0, 0.0)","(30, -110)","(56, -21)","(61, -21)",0,200,7000
"(-5, 0)","(59, -27)","(0.0, -78.0)","(96.0, 0.0)","(-28, -98)","(25, -110)","(64, -27)","(0.0, -78.0)","(-23, -98)","(101.0, 0.0)","(30, -110)","(56, -21)","(61, -21)","(-6, 0)","(58, -27)","(0.0, -78.0)","(95.0, 0.0)","(-29, -98)","(24, -110)","(64, -27)","(0.0, -78.0)","(-23, -98)","(101.0, 0.0)","(30, -110)","(55, -21)","(61, -21)",0,200,7036
"(-6, 0)","(58, -27)","(0.0, -78.0)","(95.0, 0.0)","(-29, -98)","(24, -110)","(64, -27)","(0.0, -78.0)","(-23, -98)","(101.0, 0.0)","(30, -110)","(55, -21)","(61, -21)","(-7, 0)","(57, -27)","(0.0, -78.0)","(94.0, 0.0)","(-30, -98)","(23, -110)","(64, -27)","(0.0, -78.0)","(-23, -98)","(101.0, 0.0)","(30, -110)","(54, -21)","(61, -21)",0,200,7071
"(-7, 0)","(57, -27)","(0.0, -78.0)","(94.0, 0.0)","(-30, -98)","(23, -110)","(64, -27)","(0.0, -78.0)","(-23, -98)","(101.0, 0.0)","(30, -110)","(54, -21)","(61, -21)","(-8, 0)","(56, -27)","(0.0, -78.0)","(93.0, 0.0)","(-31, -98)","(22, -110)","(64, -27)","(0.0, -78.0)","(-23, -98)","(101.0, 0.0)","(30, -110)","(53, -21)","(61, -21)",0,200,7107
"(-8, 0)","(56, -27)","(0.0, -78.0)","(93.0, 0.0)","(-31, -98)","(22, -110)","(64, -27)","(0.0, -78.0)","(-23, -98)","(101.0, 0.0)","(30, -110)","(53, -21)","(61, -21)","(-9, 0)","(55, -27)","(0.0, -78.0)","(92.0, 0.0)","(-32, -98)","(21, -110)","(64, -27)","(0.0, -78.0)","(-23, -98)","(101.0, 0.0)","(30, -110)","(52, -21)","(61, -21)",0,200,7143
"(-9, 0)","(55, -27)","(0.0, -78.0)","(92.0, 0.0)","(-32, -98)","(21, -110)","(64, -27)","(0.0, -78.0)","(-23, -98)","(101.0, 0.0)","(30, -110)","(52, -21)","(61, -21)","(-10, 0)","(54, -27)","(0.0, -78.0)","(91.0, 0.0)","(-33, -98)","(20, -110)","(64, -27)","(0.0, -78.0)","(-23, -98)","(101.0, 0.0)","(30, -110)","(51, -21)","(61, -21)",0,200,7179
"(-10, 0)","(54, -27)","(0.0, -78.0)","(91.0, 0.0)","(-33, -98)","(20, -110)","(64, -27)","(0.0, -78.0)","(-23, -98)","(101.0, 0.0)","(30, -110)","(51, -21)","(61, -21)","(-11, 0)","(53, -27)","(0.0, -78.0)","(90.0, 0.0)","(-34, -98)","(19, -110)","(64, -27)","(0.0, -78.0)","(-23, -98)","(101.0, 0.0)","(30, -110)","(50, -21)","(61, -21)",0,200,7214
"(-11, 0)","(53, -27)","(0.0, -78.0)","(90.0, 0.0)","(-34, -98)","(19, -110)","(64, -27)","(0.0, -78.0)","(-23, -98)","(101.0, 0.0)","(30, -110)","(50, -21)","(61, -21)","(-12, 0)","(52, -27)","(0.0, -78.0)","(89.0, 0.0)","(-35, -98)","(18, -110)","(64, -27)","(0.0, -78.0)","(-23, -98)","(101.0, 0.0)","(30, -110)","(49, -21)","(61, -21)",0,200,7250
"(-12, 0)","(52, -27)","(0.0, -78.0)","(89.0, 0.0)","(-35, -98)","(18, -110)","(64, -27)","(0.0, -78.0)","(-23, -98)","(101.0, 0.0)","(30, -110)","(49, -21)","(61, -21)","(-13, 0)","(51, -27)","(0.0, -78.0)","(88.0, 0.0)","(-36, -98)","(17, -110)","(64, -27)","(0.0, -78.0)","(-23, -98)","(101.0, 0.0)","(30, -110)","(48, -21)","(61, -21)",0,200,7286
"(-13, 0)","(51, -27)","(0.0, -78.0)","(88.0, 0.0)","(-36, -98)","(17, -110)","(64, -27)","(0.0, -78.0)","(-23, -98)","(101.0, 0.0)","(30, -110)","(48, -21)","(61, -21)","(-14, 0)","(50, -27)","(0.0, -78.0)","(87.0, 0.0)","(-37, -98)","(16, -110)","(64, -27)","(0.0, -78.0)","(-23, -98)","(101.0, 0.0)","(30, -110)","(47, -21)","(61, -21)",0,200,7321
"(-14, 0)","(50, -27)","(0.0, -78.0)","(87.0, 0.0)","(-37, -98)","(16, -110)","(64, -27)","(0.0, -78.0)","(-23, -98)","(101.0, 0.0)","(30, -110)","(47, -21)","(61, -21)","(-15, 0)","(49, -27)","(0.0, -78.0)","(86.0, 0.0)","(-38, -98)","(15, -110)","(64, -27)","(0.0, -78.0)","(-23, -98)","(101.0, 0.0)","(30, -110)","(46, -21)","(61, -21)",0,200,7357
"(-15, 0)","(49, -27)","(0.0, -78.0)","(86.0, 0.0)","(-38, -98)","(15, -110)","(64, -27)","(0.0, -78.0)","(-23, -98)","(101.0, 0.0)","(30, -110)","(46, -21)","(61, -21)","(-16, 0)","(48, -27)","(0.0, -78.0)","(85.0, 0.0)","(-39, -98)","(14, -110)","(64, -27)","(0.0, -78.0)","(-23, -98)","(101.0, 0.0)","(30, -110)","(45, -21)","(61, -21)",0,200,7393
"(-16, 0)","(48, -27)","(0.0, -78.0)","(85.0, 0.0)","(-39, -98)","(14, -110)","(64, -27)","(0.0, -78.0)","(-23, -98)","(101.0, 0.0)","(30, -110)","(45, -21)","(61, -21)","(-17, 0)","(47, -27)","(0.0, -78.0)","(84.0, 0.0)","(-40, -98)","(13, -110)","(64, -27)","(0.0, -78.0)","(-23, -98)","(101.0, 0.0)","(30, -110)","(44, -21)","(61, -21)",0,200,7429
"(-17, 0)","(47, -27)","(0.0, -78.0)","(84.0, 0.0)","(-40, -98)","(13, -110)","(64, -27)","(0.0, -78.0)","(-23, -98)","(101.0, 0.0)","(30, -110)","(44, -21)","(61, -21)","(-18, 0)","(46, -27)","(0.0, -78.0)","(83.0, 0.0)","(-41, -98)","(12, -110)","(64, -27)","(0.0, -78.0)","(-23, -98)","(101.0, 0.0)","(30, -110)","(43, -21)","(61, -21)",0,200,7464
"(-18, 0)","(46, -27)","(0.0, -78.0)","(83.0, 0.0)","(-41, -98)","(12, -110)","(64, -27)","(0.0, -78.0)","(-23, -98)","(101.0, 0.0)","(30, -110)","(43, -21)","(61, -21)","(-19, 0)","(45, -27)","(0.0, -78.0)","(82.0, 0.0)","(-42, -98)","(11, -110)","(64, -27)","(0.0, -78.0)","(-23, -98)","(101.0, 0.0)","(30, -110)","(42, -21)","(61, -21)",0,200,7500
"(-19, 0)","(45, -27)","(0.0, -78.0)","(82.0, 0.0)","(-42, -98)","(11, -110)","(64, -27)","(0.0, -78.0)","(-23, -98)","(101.0, 0.0)","(30, -110)","(42, -21)","(61, -21)","(-20, 0)","(44, -27)","(0.0, -78.0)","(81.0, 0.0)","(-43, -98)","(10, -110)","(64, -27)","(0.0, -78.0)","(-23, -98)","(101.0, 0.0)","(30, -110)","(41, -21)","(61, -21)",0,200,7536
"(-20, 0)","(44, -27)","(0.0, -78.0)","(81.0, 0.0)","(-43, -98)","(10, -110)","(64, -27)","(0.0, -78.0)","(-23, -98)","(101.0, 0.0)","(30, -110)","(41, -21)","(61, -21)","(-21, 0)","(43, -27)","(0.0, -78.0)","(80.0, 0.0)","(-44, -98)","(9, -110)","(64, -27)","(0.0, -78.0)","(-23, -98)","(101.0, 0.0)","(30, -110)","(40, -21)","(61, -21)",0,200,7571
"(-21, 0)","(43, -27)","(0.0, -78.0)","(80.0, 0.0)","(-44, -98)","(9, -110)","(64, -27)","(0.0, -78.0)","(-23, -98)","(101.0, 0.0)","(30, -110)","(40, -21)","(61, -21)","(-22, 0)","(42, -27)","(0.0, -78.0)","(79.0, 0.0)","(-45, -98)","(8, -110)","(64, -27)","(0.0, -78.0)","(-23, -98)","(101.0, 0.0)","(30, -110)","(39, -21)","(61, -21)",0,200,7607
"(-22, 0)","(42, -27)","(0.0, -78.0)","(79.0, 0.0)","(-45, -98)","(8, -110)","(64, -27)","(0.0, -78.0)","(-23, -98)","(101.0, 0.0)","(30, -110)","(39, -21)","(61, -21)","(-23, 0)","(41, -27)","(78.0, 0.0)","(0, -78)","(-46, -98)","(7, -110)","(64, -27)","(0.0, -78.0)","(-23, -98)","(101.0, 0.0)","(30, -110)","(38, -21)","(61, -21)",0,200,7643
"(-23, 0)","(41, -27)","(78.0, 0.0)","(0, -78)","(-46, -98)","(7, -110)","(64, -27)","(0.0, -78.0)","(-23, -98)","(101.0, 0.0)","(30, -110)","(38, -21)","(61, -21)","(-24, 0)","(40, -27)","(77.0, 0.0)","(-1, -78)","(-47, -98)","(6, -110)","(64, -27)","(0.0, -78.0)","(-23, -98)","(101.0, 0.0)","(30, -110)","(37, -21)","(61, -21)",0,200,7679
"(-24, 0)","(40, -27)","(77.0, 0.0)","(-1, -78)","(-47, -98)","(6, -110)","(64, -27)","(0.0, -78.0)","(-23, -98)","(101.0, 0.0)","(30, -110)","(37, -21)","(61, -21)","(-25, 0)","(39, -27)","(76.0, 0.0)","(-2, -78)","(-48, -98)","(5, -110)","(64, -27)","(0.0, -78.0)","(-23, -98)","(101.0, 0.0)","(30, -110)","(36, -21)","(61, -21)",0,200,7714
"(-25, 0)","(39, -27)","(76.0, 0.0)","(-2, -78)","(-48, -98)","(5, -110)","(64, -27)","(0.0, -78.0)","(-23, -98)","(101.0, 0.0)","(30, -110)","(36, -21)","(61, -21)","(-26, 0)","(38, -27)","(75.0, 0.0)","(-3, -78)","(-49, -98)","(4, -110)","(64, -27)","(0.0, -78.0)","(-23, -98)","(101.0, 0.0)","(30, -110)","(35, -21)","(61, -21)",0,200,7750
"(-26, 0)","(38, -27)","(75.0, 0.0)","(-3, -78)","(-49, -98)","(4, -110)","(64, -27)","(0.0, -78.0)","(-23, -98)","(101.0, 0.0)","(30, -110)","(35, -21)","(61, -21)","(-27, 0)","(37, -27)","(74.0, 0.0)","(-4, -78)","(-50, -98)","(3, -110)","(64, -27)","(0.0, -78.0)","(-23, -98)","(101.0, 0.0)","(30, -110)","(34, -21)","(61, -21)",0,200,7786
"(-27, 0)","(37, -27)","(74.0, 0.0)","(-4, -78)","(-50, -98)","(3, -110)","(64, -27)","(0.0, -78.0)","(-23, -98)","(101.0, 0.0)","(30, -110)","(34, -21)","(61, -21)","(-28, 0)","(36, -27)","(73.0, 0.0)","(-5, -78)","(2, -110)","(-51, -98)","(64, -27)","(0.0, -78.0)","(-23, -98)","(101.0, 0.0)","(30, -110)","(33, -21)","(61, -21)",0,200,7821
"(-28, 0)","(36, -27)","(73.0, 0.0)","(-5, -78)","(2, -110)","(-51, -98)","(64, -27)","(0.0, -78.0)","(-23, -98)","(101.0, 0.0)","(30, -110)","(33, -21)","(61, -21)","(-29, 0)","(35, -27)","(72.0, 0.0)","(-6, -78)","(1, -110)","(-52, -98)","(64, -27)","(0.0, -78.0)","(-23, -98)","(101.0, 0.0)","(30, -110)","(32, -21)","(61, -21)",0,200,7857
"(-29, 0)","(35, -27)","(72.0, 0.0)","(-6, -78)","(1, -110)","(-52, -98)","(64, -27)","(0.0, -78.0)","(-23, -98)","(101.0, 0.0)","(30, -110)","(32, -21)","(61, -21)","(-30, 0)","(34, -27)","(71.0, 0.0)","(-7, -78)","(0, -110)","(-53, -98)","(64, -27)","(0.0, -78.0)","(-23, -98)","(101.0, 0.0)","(30, -110)","(31, -21)","(61, -21)",0,200,7893
"(-30, 0)","(34, -27)","(71.0, 0.0)","(-7, -78)","(0, -110)","(-53, -98)","(64, -27)","(0.0, -78.0)","(-23, -98)","(101.0, 0.0)","(30, -110)","(31, -21)","(61, -21)","(-31, 0)","(33, -27)","(70.0, 0.0)","(-8, -78)","(0.0, -110.0)","(-54, -98)","(64, -27)","(0.0, -78.0)","(-23, -98)","(101.0, 0.0)","(30, -110)","(30, -21)","(61, -21)",0,200,7929
"(-31, 0)","(33, -27)","(70.0, 0.0)","(-8, -78)","(0.0, -110.0)","(-54, -98)","(64, -27)","(0.0, -78.0)","(-23, -98)","(101.0, 0.0)","(30, -110)","(30, -21)","(61, -21)","(-32, 0)","(32, -27)","(69.0, 0.0)","(-9, -78)","(0.0, -110.0)","(-55, -98)","(64, -27)","(0.0, -78.0)","(-23, -98)","(101.0, 0.0)","(30, -110)","(29, -21)","(61, -21)",0,200,7964
"(-32, 0)","(32, -27)","(69.0, 0.0)","(-9, -78)","(0.0, -110.0)","(-55, -98)","(64, -27)","(0.0, -78.0)","(-23, -98)","(101.0, 0.0)","(30, -110)","(29, -21)","(61, -21)","(-33, 0)","(31, -27)","(68.0, 0.0)","(-10, -78)","(0.0, -110.0)","(-56, -98)","(64, -27)","(0.0, -78.0)","(-23, -98)","(101.0, 0.0)","(30, -110)","(28, -21)","(61, -21)",0,200,8000
"(-33, 0)","(31, -27)","(68.0, 0.0)","(-10, -78)","(0.0, -110.0)","(-56, -98)","(64, -27)","(0.0, -78.0)","(-23, -98)","(101.0, 0.0)","(30, -110)","(28, -21)","(61, -21)","(-34, 0)","(30, -27)","(67.0, 0.0)","(-11, -78)","(0.0, -110.0)","(-57, -98)","(64, -27)","(0.0, -78.0)","(-23, -98)","(101.0, 0.0)","(30, -110)","(27, -21)","(61, -21)",0,200,8036
"(-34, 0)","(30, -27)","(67.0, 0.0)","(-11, -78)","(0.0, -110.0)","(-57, -98)","(64, -27)","(0.0, -78.0)","(-23, -98)","(101.0, 0.0)","(30, -110)","(27, -21)","(61, -21)","(-35, 0)","(29, -27)","(66.0, 0.0)","(-12, -78)","(0.0, -110.0)","(-58, -98)","(64, -27)","(0.0, -78.0)","(-23, -98)","(101.0, 0.0)","(30, -110)","(26, -21)","(61, -21)",0,200,8071
"(-35, 0)","(29, -27)","(66.0, 0.0)","(-12, -78)","(0.0, -110.0)","(-58, -98)","(64, -27)","(0.0, -78.0)","(-23, -98)","(101.0, 0.0)","(30, -110)","(26, -21)","(61, -21)","(-36, 0)","(28, -27)","(65.0, 0.0)","(-13, -78)","(0.0, -110.0)","(-59, -98)","(64, -27)","(0.0, -78.0)","(-23, -98)","(101.0, 0.0)","(30, -110)","(25, -21)","(61, -21)",0,200,8107
"(-36, 0)","(28, -27)","(65.0, 0.0)","(-13, -78)","(0.0, -110.0)","(-59, -98)","(64, -27)","(0.0, -78.0)","(-23, -98)","(101.0, 0.0)","(30, -110)","(25, -21)","(61, -21)","(-37, 0)","(27, -27)","(64.0, 0.0)","(-14, -78)","(0.0, -110.0)","(-60, -98)","(64, -27)","(0.0, -78.0)","(-23, -98)","(101.0, 0.0)","(30, -110)","(24, -21)","(61, -21)",0,200,8143
"(-37, 0)","(27, -27)","(64.0, 0.0)","(-14, -78)","(0.0, -110.0)","(-60, -98)","(64, -27)","(0.0, -78.0)","(-23, -98)","(101.0, 0.0)","(30, -110)","(24, -21)","(61, -21)","(-38, 0)","(26, -27)","(63.0, 0.0)","(-15, -78)","(0.0, -110.0)","(-61, -98)","(64, -27)","(0.0, -78.0)","(-23, -98)","(101.0, 0.0)","(30, -110)","(23, -21)","(61, -21)",0,200,8179
"(-38, 0)","(26, -27)","(63.0, 0.0)","(-15, -78)","(0.0, -110.0)","(-61, -98)","(64, -27)","(0.0, -78.0)","(-23, -98)","(101.0, 0.0)","(30, -110)","(23, -21)","(61, -21)","(-39, 0)","(25, -27)","(62.0, 0.0)","(-16, -78)","(0.0, -110.0)","(-62, -98)","(64, -27)","(0.0, -78.0)","(-23, -98)","(101.0, 0.0)","(30, -110)","(22, -21)","(61, -21)",0,200,8214
"(-39, 0)","(25, -27)","(62.0, 0.0)","(-16, -78)","(0.0, -110.0)","(-62, -98)","(64, -27)","(0.0, -78.0)","(-23, -98)","(101.0, 0.0)","(30, -110)","(22, -21)","(61, -21)","(-40, 0)","(24, -27)","(61.0, 0.0)","(-17, -78)","(0.0, -110.0)","(-63, -98)","(64, -27)","(0.0, -78.0)","(-23, -98)","(101.0, 0.0)","(30, -110)","(21, -21)","(61, -21)",0,200,8250
"(-40, 0)","(24, -27)","(61.0, 0.0)","(-17, -78)","(0.0, -110.0)","(-63, -98)","(64, -27)","(0.0, -78.0)","(-23, -98)","(101.0, 0.0)","(30, -110)","(21, -21)","(61, -21)","(-41, 0)","(23, -27)","(60.0, 0.0)","(-18, -78)","(0.0, -110.0)","(-64, -98)","(64, -27)","(0.0, -78.0)","(-23, -98)","(101.0, 0.0)","(30, -110)","(20, -21)","(61, -21)",0,200,8286
"(-41, 0)","(23, -27)","(60.0, 0.0)","(-18, -78)","(0.0, -110.0)","(-64, -98)","(64, -27)","(0.0, -78.0)","(-23, -98)","(101.0, 0.0)","(30, -110)","(20, -21)","(61, -21)","(-42, 0)","(22, -27)","(59.0, 0.0)","(-19, -78)","(0.0, -110.0)","(-65, -98)","(64, -27)","(0.0, -78.0)","(-23, -98)","(101.0, 0.0)","(30, -110)","(19, -21)","(61, -21)",0,200,8321
"(-42, 0)","(22, -27)","(59.0, 0.0)","(-19, -78)","(0.0, -110.0)","(-65, -98)","(64, -27)","(0.0, -78.0)","(-23, -98)","(101.0, 0.0)","(30, -110)","(19, -21)","(61, -21)","(-43, 0)","(21, -27)","(58.0, 0.0)","(-20, -78)","(0.0, -110.0)","(-66, -98)","(64, -27)","(0.0, -78.0)","(-23, -98)","(101.0, 0.0)","(30, -110)","(18, -21)","(61, -21)",0,200,8357
"(-43, 0)","(21, -27)","(58.0, 0.0)","(-20, -78)","(0.0, -110.0)","(-66, -98)","(64, -27)","(0.0, -78.0)","(-23, -98)","(101.0, 0.0)","(30, -110)","(18, -21)","(61, -21)","(-44, 0)","(20, -27)","(57.0, 0.0)","(-21, -78)","(0.0, -110.0)","(-67, -98)","(64, -27)","(0.0, -78.0)","(-23, -98)","(101.0, 0.0)","(30, -110)","(17, -21)","(61, -21)",0,200,8393
"(-44, 0)","(20, -27)","(57.0, 0.0)","(-21, -78)","(0.0, -110.0)","(-67, -98)","(64, -27)","(0.0, -78.0)","(-23, -98)","(101.0, 0.0)","(30, -110)","(17, -21)","(61, -21)","(-45, 0)","(19, -27)","(56.0, 0.0)","(-22, -78)","(0.0, -110.0)","(-68, -98)","(64, -27)","(0.0, -78.0)","(-23, -98)","(101.0, 0.0)","(30, -110)","(16, -21)","(61, -21)",0,200,8429
"(-45, 0)","(19, -27)","(56.0, 0.0)","(-22, -78)","(0.0, -110.0)","(-68, -98)","(64, -27)","(0.0, -78.0)","(-23, -98)","(101.0, 0.0)","(30, -110)","(16, -21)","(61, -21)","(-46, 0)","(18, -27)","(55.0, 0.0)","(-23, -78)","(0.0, -110.0)","(-69, -98)","(64, -27)","(0.0, -78.0)","(-23, -98)","(101.0, 0.0)","(30, -110)","(15, -21)","(61, -21)",0,200,8464
"(-46, 0)","(18, -27)","(55.0, 0.0)","(-23, -78)","(0.0, -110.0)","(-69, -98)","(64, -27)","(0.0, -78.0)","(-23, -98)","(101.0, 0.0)","(30, -110)","(15, -21)","(61, -21)","(-47, 0)","(17, -27)","(54.0, 0.0)","(-24, -78)","(0.0, -110.0)","(-70, -98)","(64, -27)","(0.0, -78.0)","(-23, -98)","(101.0, 0.0)","(30, -110)","(14, -21)","(61, -21)",0,200,8500
"(-47, 0)","(17, -27)","(54.0, 0.0)","(-24, -78)","(0.0, -110.0)","(-70, -98)","(64, -27)","(0.0, -78.0)","(-23, -98)","(101.0, 0.0)","(30, -110)","(14, -21)","(61, -21)","(-48, 0)","(16, -27)","(53.0, 0.0)","(-25, -78)","(0.0, -110.0)","(-71, -98)","(64, -27)","(0.0, -78.0)","(-23, -98)","(101.0, 0.0)","(30, -110)","(13, -21)","(61, -21)",0,200,8536
"(-48, 0)","(16, -27)","(53.0, 0.0)","(-25, -78)","(0.0, -110.0)","(-71, -98)","(64, -27)","(0.0, -78.0)","(-23, -98)","(101.0, 0.0)","(30, -110)","(13, -21)","(61, -21)","(-49, 0)","(15, -27)","(52.0, 0.0)","(-26, -78)","(0.0, -110.0)","(-72, -98)","(64, -27)","(0.0, -78.0)","(-23, -98)","(101.0, 0.0)","(30, -110)","(12, -21)","(61, -21)",0,200,8571
"(-49, 0)","(15, -27)","(52.0, 0.0)","(-26, -78)","(0.0, -110.0)","(-72, -98)","(64, -27)","(0.0, -78.0)","(-23, -98)","(101.0, 0.0)","(30, -110)","(12, -21)","(61, -21)","(-50, 0)","(14, -27)","(51.0, 0.0)","(-27, -78)","(0.0, -110.0)","(-73, -98)","(64, -27)","(0.0, -78.0)","(-23, -98)","(101.0, 0.0)","(30, -110)","(11, -21)","(61, -21)",0,200,8607
"(-50, 0)","(14, -27)","(51.0, 0.0)","(-27, -78)","(0.0, -110.0)","(-73, -98)","(64, -27)","(0.0, -78.0)","(-23, -98)","(101.0, 0.0)","(30, -110)","(11, -21)","(61, -21)","(-50, 0)","(14, -27)","(51.0, 0.0)","(-27, -78)","(0.0, -110.0)","(-73, -98)","(64, -27)","(0.0, -78.0)","(-23, -98)","(101.0, 0.0)","(30, -110)","(11, -21)","(61, -21)",0,200,8643
"(-50, 0)","(14, -27)","(51.0, 0.0)","(-27, -78)","(0.0, -110.0)","(-73, -98)","(64, -27)","(0.0, -78.0)","(-23, -98)","(101.0, 0.0)","(30, -110)","(11, -21)","(61, -21)","(-50, 0)","(14, -27)","(51.0, 0.0)","(-27, -78)","(0.0, -110.0)","(-73, -98)","(64, -27)","(0.0, -78.0)","(-23, -98)","(101.0, 0.0)","(30, -110)","(11, -21)","(61, -21)",0,200,8679
"(-50, 0)","(14, -27)","(51.0, 0.0)","(-27, -78)","(0.0, -110.0)","(-73, -98)","(64, -27)","(0.0, -78.0)","(-23, -98)","(101.0, 0.0)","(30, -110)","(11, -21)","(61, -21)","(-50, 0)","(14, -27)","(51.0, 0.0)","(-27, -78)","(0.0, -110.0)","(-73, -98)","(64, -27)","(0.0, -78.0)","(-23, -98)","(101.0, 0.0)","(30, -110)","(11, -21)","(61, -21)",0,200,8714
"(-50, 0)","(14, -27)","(51.0, 0.0)","(-27, -78)","(0.0, -110.0)","(-73, -98)","(64, -27)","(0.0, -78.0)","(-23, -98)","(101.0, 0.0)","(30, -110)","(11, -21)","(61, -21)","(-50, 0)","(14, -27)","(51.0, 0.0)","(-27, -78)","(0.0, -110.0)","(-73, -98)","(64, -27)","(0.0, -78.0)","(-23, -98)","(101.0, 0.0)","(30, -110)","(11, -21)","(61, -21)",0,200,8750
"(-50, 0)","(14, -27)","(51.0, 0.0)","(-27, -78)","(0.0, -110.0)","(-73, -98)","(64, -27)","(0.0, -78.0)","(-23, -98)","(101.0, 0.0)","(30, -110)","(11, -21)","(61, -21)","(-50, 0)","(14, -27)","(51.0, 0.0)","(-27, -78)","(0.0, -110.0)","(-73, -98)","(64, -27)","(0.0, -78.0)","(-23, -98)","(101.0, 0.0)","(30, -110)","(11, -21)","(61, -21)",0,200,8786
"(-50, 0)","(14, -27)","(51.0, 0.0)","(-27, -78)","(0.0, -110.0)","(-73, -98)","(64, -27)","(0.0, -78.0)","(-23, -98)","(101.0, 0.0)","(30, -110)","(11, -21)","(61, -21)","(-50, 0)","(14, -27)","(51.0, 0.0)","(-27, -78)","(0.0, -110.0)","(-73, -98)","(64, -27)","(0.0, -78.0)","(-23, -98)","(101.0, 0.0)","(30, -110)","(11, -21)","(61, -21)",0,200,8821
"(-50, 0)","(14, -27)","(51.0, 0.0)","(-27, -78)","(0.0, -110.0)","(-73, -98)","(64, -27)","(0.0, -78.0)","(-23, -98)","(101.0, 0.0)","(30, -110)","(11, -21)","(61, -21)","(-50, 0)","(14, -27)","(51.0, 0.0)","(-27, -78)","(0.0, -110.0)","(-73, -98)","(64, -27)","(0.0, -78.0)","(-23, -98)","(101.0, 0.0)","(30, -110)","(11, -21)","(61, -21)",0,200,8857
"(-50, 0)","(14, -27)","(51.0, 0.0)","(-27, -78)","(0.0, -110.0)","(-73, -98)","(64, -27)","(0.0, -78.0)","(-23, -98)","(101.0, 0.0)","(30, -110)","(11, -21)","(61, -21)","(-50, 0)","(14, -27)","(51.0, 0.0)","(-27, -78)","(0.0, -110.0)","(-73, -98)","(64, -27)","(0.0, -78.0)","(-23, -98)","(101.0, 0.0)","(30, -110)","(11, -21)","(61, -21)",0,200,8893
"(-50, 0)","(14, -27)","(51.0, 0.0)","(-27, -78)","(0.0, -110.0)","(-73, -98)","(64, -27)","(0.0, -78.0)","(-23, -98)","(101.0, 0.0)","(30, -110)","(11, -21)","(61, -21)","(-50, 0)","(14, -27)","(51.0, 0.0)","(-27, -78)","(0.0, -110.0)","(-73, -98)","(64, -27)","(0.0, -78.0)","(-23, -98)","(101.0, 0.0)","(30, -110)","(11, -21)","(61, -21)",0,200,8929
"(-50, 0)","(14, -27)","(51.0, 0.0)","(-27, -78)","(0.0, -110.0)","(-73, -98)","(64, -27)","(0.0, -78.0)","(-23, -98)","(101.0, 0.0)","(30, -110)","(11, -21)","(61, -21)","(-50, 0)","(14, -27)","(51.0, 0.0)","(-27, -78)","(0.0, -110.0)","(-73, -98)","(64, -27)","(0.0, -78.0)","(-23, -98)","(101.0, 0.0)","(30, -110)","(11, -21)","(61, -21)",0,200,8964
"(-50, 0)","(14, -27)","(51.0, 0.0)","(-27, -78)","(0.0, -110.0)","(-73, -98)","(64, -27)","(0.0, -78.0)","(-23, -98)","(101.0, 0.0)","(30, -110)","(11, -21)","(61, -21)","(-50, 0)","(14, -27)","(51.0, 0.0)","(-27, -78)","(0.0, -110.0)","(-73, -98)","(64, -27)","(0.0, -78.0)","(-23, -98)","(101.0, 0.0)","(30, -110)","(11, -21)","(61, -21)",0,200,9000
"(-50, 0)","(14, -27)","(51.0, 0.0)","(-27, -78)","(0.0, -110.0)","(-73, -98)","(64, -27)","(0.0, -78.0)","(-23, -98)","(101.0, 0.0)","(30, -110)","(11, -21)","(61, -21)","(-50, 0)","(14, -27)","(51.0, 0.0)","(-27, -78)","(0.0, -110.0)","(-73, -98)","(64, -27)","(0.0, -78.0)","(-23, -98)","(101.0, 0.0)","(30, -110)","(11, -21)","(61, -21)",0,200,9037
"(-50, 0)","(14, -27)","(51.0, 0.0)","(-27, -78)","(0.0, -110.0)","(-73, -98)","(64, -27)","(0.0, -78.0)","(-23, -98)","(101.0, 0.0)","(30, -110)","(11, -21)","(61, -21)","(-50, 0)","(14, -27)","(51.0, 0.0)","(-27, -78)","(0.0, -110.0)","(-73, -98)","(64, -27)","(0.0, -78.0)","(-23, -98)","(101.0, 0.0)","(30, -110)","(11, -21)","(61, -21)",0,200,9074
"(-50, 0)","(14, -27)","(51.0, 0.0)","(-27, -78)","(0.0, -110.0)","(-73, -98)","(64, -27)","(0.0, -78.0)","(-23, -98)","(101.0, 0.0)","(30, -110)","(11, -21)","(61, -21)","(-50, 0)","(14, -27)","(51.0, 0.0)","(-27, -78)","(0.0, -110.0)","(-73, -98)","(64, -27)","(0.0, -78.0)","(-23, -98)","(101.0, 0.0)","(30, -110)","(11, -21)","(61, -21)",0,200,9111
"(-50, 0)","(14, -27)","(51.0, 0.0)","(-27, -78)","(0.0, -110.0)","(-73, -98)","(64, -27)","(0.0, -78.0)","(-23, -98)","(101.0, 0.0)","(30, -110)","(11, -21)","(61, -21)","(-50, 0)","(14, -27)","(51.0, 0.0)","(-27, -78)","(0.0, -110.0)","(-73, -98)","(64, -27)","(0.0, -78.0)","(-23, -98)","(101.0, 0.0)","(30, -110)","(11, -21)","(61, -21)",0,200,9148
"(-50, 0)","(14, -27)","(51.0, 0.0)","(-27, -78)","(0.0, -110.0)","(-73, -98)","(64, -27)","(0.0, -78.0)","(-23, -98)","(101.0, 0.0)","(30, -110)","(11, -21)","(61, -21)","(-50, 0)","(14, -27)","(51.0, 0.0)","(-27, -78)","(0.0, -110.0)","(-73, -98)","(64, -27)","(0.0, -78.0)","(-23, -98)","(101.0, 0.0)","(30, -110)","(11, -21)","(61, -21)",0,200,9185
"(-50, 0)","(14, -27)","(51.0, 0.0)","(-27, -78)","(0.0, -110.0)","(-73, -98)","(64, -27)","(0.0, -78.0)","(-23, -98)","(101.0, 0.0)","(30, -110)","(11, -21)","(61, -21)","(-50, 0)","(14, -27)","(51.0, 0.0)","(-27, -78)","(0.0, -110.0)","(-73, -98)","(64, -27)","(0.0, -78.0)","(-23, -98)","(101.0, 0.0)","(30, -110)","(11, -21)","(61, -21)",0,200,9222
"(-50, 0)","(14, -27)","(51.0, 0.0)","(-27, -78)","(0.0, -110.0)","(-73, -98)","(64, -27)","(0.0, -78.0)","(-23, -98)","(101.0, 0.0)","(30, -110)","(11, -21)","(61, -21)","(-50, 0)","(14, -27)","(51.0, 0.0)","(-27, -78)","(0.0, -110.0)","(-73, -98)","(64, -27)","(0.0, -78.0)","(-23, -98)","(101.0, 0.0)","(30, -110)","(11, -21)","(61, -21)",0,200,9259
"(-50, 0)","(14, -27)","(51.0, 0.0)","(-27, -78)","(0.0, -110.0)","(-73, -98)","(64, -27)","(0.0, -78.0)","(-23, -98)","(101.0, 0.0)","(30, -110)","(11, -21)","(61, -21)","(-50, 0)","(14, -27)","(51.0, 0.0)","(-27, -78)","(0.0, -110.0)","(-73, -98)","(64, -27)","(0.0, -78.0)","(-23, -98)","(101.0, 0.0)","(30, -110)","(11, -21)","(61, -21)",0,200,9296
"(-50, 0)","(14, -27)","(51.0, 0.0)","(-27, -78)","(0.0, -110.0)","(-73, -98)","(64, -27)","(0.0, -78.0)","(-23, -98)","(101.0, 0.0)","(30, -110)","(11, -21)","(61, -21)","(-50, 0)","(14, -27)","(51.0, 0.0)","(-27, -78)","(0.0, -110.0)","(-73, -98)","(64, -27)","(0.0, -78.0)","(-23, -98)","(101.0, 0.0)","(30, -110)","(11, -21)","(61, -21)",0,200,9333
"(-50, 0)","(14, -27)","(51.0, 0.0)","(-27, -78)","(0.0, -110.0)","(-73, -98)","(64, -27)","(0.0, -78.0)","(-23, -98)","(101.0, 0.0)","(30, -110)","(11, -21)","(61, -21)","(-50, 0)","(14, -27)","(51.0, 0.0)","(-27, -78)","(0.0, -110.0)","(-73, -98)","(64, -27)","(0.0, -78.0)","(-23, -98)","(101.0, 0.0)","(30, -110)","(11, -21)","(61, -21)",0,200,9370
"(-50, 0)","(14, -27)","(51.0, 0.0)","(-27, -78)","(0.0, -110.0)","(-73, -98)","(64, -27)","(0.0, -78.0)","(-23, -98)","(101.0, 0.0)","(30, -110)","(11, -21)","(61, -21)","(-50, 0)","(14, -27)","(51.0, 0.0)","(-27, -78)","(0.0, -110.0)","(-73, -98)","(64, -27)","(0.0, -78.0)","(-23, -98)","(101.0, 0.0)","(30, -110)","(11, -21)","(61, -21)",0,200,9407
"(-50, 0)","(14, -27)","(51.0, 0.0)","(-27, -78)","(0.0, -110.0)","(-73, -98)","(64, -27)","(0.0, -78.0)","(-23, -98)","(101.0, 0.0)","(30, -110)","(11, -21)","(61, -21)","(-50, 0)","(14, -27)","(51.0, 0.0)","(-27, -78)","(0.0, -110.0)","(-73, -98)","(64, -27)","(0.0, -78.0)","(-23, -98)","(101.0, 0.0)","(30, -110)","(11, -21)","(61, -21)",0,200,9444
"(-50, 0)","(14, -27)","(51.0, 0.0)","(-27, -78)","(0.0, -110.0)","(-73, -98)","(64, -27)","(0.0, -78.0)","(-23, -98)","(101.0, 0.0)","(30, -110)","(11, -21)","(61, -21)","(-50, 0)","(14, -27)","(51.0, 0.0)","(-27, -78)","(0.0, -110.0)","(-73, -98)","(64, -27)","(0.0, -78.0)","(-23, -98)","(101.0, 0.0)","(30, -110)","(11, -21)","(61, -21)",0,200,9481
"(-50, 0)","(14, -27)","(51.0, 0.0)","(-27, -78)","(0.0, -110.0)","(-73, -98)","(64, -27)","(0.0, -78.0)","(-23, -98)","(101.0, 0.0)","(30, -110)","(11, -21)","(61, -21)","(-50, 0)","(13, -27)","(50.0, 0.0)","(-28, -78)","(0.0, -110.0)","(-74, -98)","(63, -27)","(0.0, -78.0)","(100.0, 0.0)","(-24, -98)","(29, -110)","(10, -21)","(60, -21)",0,200,9519
"(-50, 0)","(13, -27)","(50.0, 0.0)","(-28, -78)","(0.0, -110.0)","(-74, -98)","(63, -27)","(0.0, -78.0)","(100.0, 0.0)","(-24, -98)","(29, -110)","(10, -21)","(60, -21)","(-50, 0)","(12, -27)","(49.0, 0.0)","(-29, -78)","(0.0, -110.0)","(-75, -98)","(62, -27)","(0.0, -78.0)","(99.0, 0.0)","(-25, -98)","(28, -110)","(9, -21)","(59, -21)",0,200,9556
"(-50, 0)","(12, -27)","(49.0, 0.0)","(-29, -78)","(0.0, -110.0)","(-75, -98)","(62, -27)","(0.0, -78.0)","(99.0, 0.0)","(-25, -98)","(28, -110)","(9, -21)","(59, -21)","(-50, 0)","(11, -27)","(48.0, 0.0)","(-30, -78)","(0.0, -110.0)","(-76, -98)","(61, -27)","(0.0, -78.0)","(98.0, 0.0)","(-26, -98)","(27, -110)","(8, -21)","(58, -21)",0,200,9593
"(-50, 0)","(11, -27)","(48.0, 0.0)","(-30, -78)","(0.0, -110.0)","(-76, -98)","(61, -27)","(0.0, -78.0)","(98.0, 0.0)","(-26, -98)","(27, -110)","(8, -21)","(58, -21)","(-50, 0)","(10, -27)","(47.0, 0.0)","(-31, -78)","(0.0, -110.0)","(-77, -98)","(60, -27)","(0.0, -78.0)","(97.0, 0.0)","(-27, -98)","(26, -110)","(7, -21)","(57, -21)",0,200,9630
"(-50, 0)","(10, -27)","(47.0, 0.0)","(-31, -78)","(0.0, -110.0)","(-77, -98)","(60, -27)","(0.0, -78.0)","(97.0, 0.0)","(-27, -98)","(26, -110)","(7, -21)","(57, -21)","(-50, 0)","(9, -27)","(46.0, 0.0)","(-32, -78)","(0.0, -110.0)","(-78, -98)","(59, -27)","(0.0, -78.0)","(96.0, 0.0)","(-28, -98)","(25, -110)","(6, -21)","(56, -21)",0,200,9667
"(-50, 0)","(9, -27)","(46.0, 0.0)","(-32, -78)","(0.0, -110.0)","(-78, -98)","(59, -27)","(0.0, -78.0)","(96.0, 0.0)","(-28, -98)","(25, -110)","(6, -21)","(56, -21)","(-50, 0)","(8, -27)","(45.0, 0.0)","(-33, -78)","(0.0, -110.0)","(-79, -98)","(58, -27)","(0.0, -78.0)","(95.0, 0.0)","(-29, -98)","(24, -110)","(5, -21)","(55, -21)",0,200,9704
"(-50, 0)","(8, -27)","(45.0, 0.0)","(-33, -78)","(0.0, -110.0)","(-79, -98)","(58, -27)","(0.0, -78.0)","(95.0, 0.0)","(-29, -98)","(24, -110)","(5, -21)","(55, -21)","(-50, 0)","(7, -27)","(44.0, 0.0)","(-34, -78)","(0.0, -110.0)","(-80, -98)","(57, -27)","(0.0, -78.0)","(94.0, 0.0)","(-30, -98)","(23, -110)","(4, -21)","(54, -21)",0,200,9741
"(-50, 0)","(7, -27)","(44.0, 0.0)","(-34, -78)","(0.0, -110.0)","(-80, -98)","(57, -27)","(0.0, -78.0)","(94.0, 0.0)","(-30, -98)","(23, -110)","(4, -21)","(54, -21)","(-50, 0)","(6, -27)","(43.0, 0.0)","(-35, -78)","(0.0, -110.0)","(-81, -98)","(56, -27)","(0.0, -78.0)","(93.0, 0.0)","(-31, -98)","(22, -110)","(3, -21)","(53, -21)",0,200,9778
"(-50, 0)","(6, -27)","(43.0, 0.0)","(-35, -78)","(0.0, -110.0)","(-81, -98)","(56, -27)","(0.0, -78.0)","(93.0, 0.0)","(-31, -98)","(22, -110)","(3, -21)","(53, -21)","(-50, 0)","(5, -27)","(42.0, 0.0)","(-36, -78)","(0.0, -110.0)","(-82, -98)","(55, -27)","(0.0, -78.0)","(92.0, 0.0)","(-32, -98)","(21, -110)","(2, -21)","(52, -21)",0,200,9815
"(-50, 0)","(5, -27)","(42.0, 0.0)","(-36, -78)","(0.0, -110.0)","(-82, -98)","(55, -27)","(0.0, -78.0)","(92.0, 0.0)","(-32, -98)","(21, -110)","(2, -21)","(52, -21)","(-50, 0)","(4, -27)","(41.0, 0.0)","(-37, -78)","(0.0, -110.0)","(-83, -98)","(54, -27)","(0.0, -78.0)","(91.0, 0.0)","(-33, -98)","(20, -110)","(1, -21)","(51, -21)",0,200,9852
"(-50, 0)","(4, -27)","(41.0, 0.0)","(-37, -78)","(0.0, -110.0)","(-83, -98)","(54, -27)","(0.0, -78.0)","(91.0, 0.0)","(-33, -98)","(20, -110)","(1, -21)","(51, -21)","(-50, 0)","(3, -27)","(40.0, 0.0)","(-38, -78)","(0.0, -110.0)","(-84, -98)","(53, -27)","(0.0, -78.0)","(90.0, 0.0)","(-34, -98)","(19, -110)","(0, -21)","(50, -21)",0,200,9889
"(-50, 0)","(3, -27)","(40.0, 0.0)","(-38, -78)","(0.0, -110.0)","(-84, -98)","(53, -27)","(0.0, -78.0)","(90.0, 0.0)","(-34, -98)","(19, -110)","(0, -21)","(50, -21)","(-50, 0)","(2, -27)","(39.0, 0.0)","(-39, -78)","(0.0, -110.0)","(-85, -98)","(52, -27)","(0.0, -78.0)","(89.0, 0.0)","(-35, -98)","(18, -110)","(-1, -21)","(49, -21)",0,200,9926
"(-50, 0)","(2, -27)","(39.0, 0.0)","(-39, -78)","(0.0, -110.0)","(-85, -98)","(52, -27)","(0.0, -78.0)","(89.0, 0.0)","(-35, -98)","(18, -110)","(-1, -21)","(49, -21)","(-50, 0)","(1, -27)","(38.0, 0.0)","(-40, -78)","(0.0, -110.0)","(-86, -98)","(51, -27)","(0.0, -78.0)","(88.0, 0.0)","(-36, -98)","(17, -110)","(-2, -21)","(48, -21)",0,200,9963
"(-50, 0)","(1, -27)","(38.0, 0.0)","(-40, -78)","(0.0, -110.0)","(-86, -98)","(51, -27)","(0.0, -78.0)","(88.0, 0.0)","(-36, -98)","(17, -110)","(-2, -21)","(48, -21)","(-50, 0)","(0, -27)","(37.0, 0.0)","(-41, -78)","(0.0, -110.0)","(-87, -98)","(50, -27)","(0.0, -78.0)","(87.0, 0.0)","(-37, -98)","(16, -110)","(-3, -21)","(47, -21)",0,200,10000
"(-50, 0)","(0, -27)","(37.0, 0.0)","(-41, -78)","(0.0, -110.0)","(-87, -98)","(50, -27)","(0.0, -78.0)","(87.0, 0.0)","(-37, -98)","(16, -110)","(-3, -21)","(47, -21)","(-50, 0)","(0.0, -27.0)","(36.0, 0.0)","(-42, -78)","(0.0, -110.0)","(-88, -98)","(49, -27)","(0.0, -78.0)","(86.0, 0.0)","(-38, -98)","(15, -110)","(-4, -21)","(46, -21)",0,200,10037
"(-50, 0)","(0.0, -27.0)","(36.0, 0.0)","(-42, -78)","(0.0, -110.0)","(-88, -98)","(49, -27)","(0.0, -78.0)","(86.0, 0.0)","(-38, -98)","(15, -110)","(-4, -21)","(46, -21)","(-50, 0)","(0.0, -27.0)","(35.0, 0.0)","(-43, -78)","(0.0, -110.0)","(-89, -98)","(48, -27)","(0.0, -78.0)","(85.0, 0.0)","(-39, -98)","(14, -110)","(-5, -21)","(45, -21)",0,200,10074
"(-50, 0)","(0.0, -27.0)","(35.0, 0.0)","(-43, -78)","(0.0, -110.0)","(-89, -98)","(48, -27)","(0.0, -78.0)","(85.0, 0.0)","(-39, -98)","(14, -110)","(-5, -21)","(45, -21)","(-50, 0)","(0.0, -27.0)","(34.0, 0.0)","(-44, -78)","(0.0, -110.0)","(-90, -98)","(47, -27)","(0.0, -78.0)","(84.0, 0.0)","(-40, -98)","(13, -110)","(-6, -21)","(44, -21)",0,200,10111
"(-50, 0)","(0.0, -27.0)","(34.0, 0.0)","(-44, -78)","(0.0, -110.0)","(-90, -98)","(47, -27)","(0.0, -78.0)","(84.0, 0.0)","(-40, -98)","(13, -110)","(-6, -21)","(44, -21)","(-50, 0)","(0.0, -27.0)","(33.0, 0.0)","(-45, -78)","(0.0, -110.0)","(-91, -98)","(46, -27)","(0.0, -78.0)","(83.0, 0.0)","(-41, -98)","(12, -110)","(-7, -21)","(43, -21)",0,200,10148
"(-50, 0)","(0.0, -27.0)","(33.0, 0.0)","(-45, -78)","(0.0, -110.0)","(-91, -98)","(46, -27)","(0.0, -78.0)","(83.0, 0.0)","(-41, -98)","(12, -110)","(-7, -21)","(43, -21)","(-50, 0)","(0.0, -27.0)","(32.0, 0.0)","(-46, -78)","(0.0, -110.0)","(-92, -98)","(45, -27)","(0.0, -78.0)","(82.0, 0.0)","(-42, -98)","(11, -110)","(-8, -21)","(42, -21)",0,200,10185
"(-50, 0)","(0.0, -27.0)","(32.0, 0.0)","(-46, -78)","(0.0, -110.0)","(-92, -98)","(45, -27)","(0.0, -78.0)","(82.0, 0.0)","(-42, -98)","(11, -110)","(-8, -21)","(42, -21)","(-50, 0)","(0.0, -27.0)","(31.0, 0.0)","(-47, -78)","(0.0, -110.0)","(-93, -98)","(44, -27)","(0.0, -78.0)","(81.0, 0.0)","(-43, -98)","(10, -110)","(-9, -21)","(41, -21)",0,200,10222
"(-50, 0)","(0.0, -27.0)","(31.0, 0.0)","(-47, -78)","(0.0, -110.0)","(-93, -98)","(44, -27)","(0.0, -78.0)","(81.0, 0.0)","(-43, -98)","(10, -110)","(-9, -21)","(41, -21)","(-50, 0)","(0.0, -27.0)","(30.0, 0.0)","(-48, -78)","(0.0, -110.0)","(-94, -98)","(43, -27)","(0.0, -78.0)","(80.0, 0.0)","(-44, -98)","(9, -110)","(-10, -21)","(40, -21)",0,200,10259
"(-50, 0)","(0.0, -27.0)","(30.0, 0.0)","(-48, -78)","(0.0, -110.0)","(-94, -98)","(43, -27)","(0.0, -78.0)","(80.0, 0.0)","(-44, -98)","(9, -110)","(-10, -21)","(40, -21)","(-50, 0)","(0.0, -27.0)","(29.0, 0.0)","(-49, -78)","(0.0, -110.0)","(-95, -98)","(42, -27)","(0.0, -78.0)","(79.0, 0.0)","(-45, -98)","(8, -110)","(-11, -21)","(39, -21)",0,200,10296
"(-50, 0)","(0.0, -27.0)","(29.0, 0.0)","(-49, -78)","(0.0, -110.0)","(-95, -98)","(42, -27)","(0.0, -78.0)","(79.0, 0.0)","(-45, -98)","(8, -110)","(-11, -21)","(39, -21)","(-50, 0)","(0.0, -27.0)","(28.0, 0.0)","(-50, -78)","(0.0, -110.0)","(-96, -98)","(41, -27)","(78.0, 0.0)","(0, -78)","(-46, -98)","(7, -110)","(-12, -21)","(38, -21)",0,200,10333
"(-50, 0)","(0.0, -27.0)","(28.0, 0.0)","(-50, -78)","(0.0, -110.0)","(-96, -98)","(41, -27)","(78.0, 0.0)","(0, -78)","(-46, -98)","(7, -110)","(-12, -21)","(38, -21)","(-50, 0)","(27.0, 0.0)","(0.0, -27.0)","(-51, -78)","(0.0, -110.0)","(-97, -98)","(40, -27)","(77.0, 0.0)","(-1, -78)","(-47, -98)","(6, -110)","(-13, -21)","(37, -21)",0,200,10370
"(-50, 0)","(27.0, 0.0)","(0.0, -27.0)","(-51, -78)","(0.0, -110.0)","(-97, -98)","(40, -27)","(77.0, 0.0)","(-1, -78)","(-47, -98)","(6, -110)","(-13, -21)","(37, -21)","(-50, 0)","(26.0, 0.0)","(0.0, -27.0)","(-52, -78)","(0.0, -110.0)","(-98, -98)","(39, -27)","(76.0, 0.0)","(-2, -78)","(-48, -98)","(5, -110)","(-14, -21)","(36, -21)",0,200,10407
"(-50, 0)","(26.0, 0.0)","(0.0, -27.0)","(-52, -78)","(0.0, -110.0)","(-98, -98)","(39, -27)","(76.0, 0.0)","(-2, -78)","(-48, -98)","(5, -110)","(-14, -21)","(36, -21)","(-50, 0)","(25.0, 0.0)","(0.0, -27.0)","(-53, -78)","(0.0, -110.0)","(-99, -98)","(38, -27)","(75.0, 0.0)","(-3, -78)","(-49, -98)","(4, -110)","(-15, -21)","(35, -21)",0,200,10444
"(-50, 0)","(25.0, 0.0)","(0.0, -27.0)","(-53, -78)","(0.0, -110.0)","(-99, -98)","(38, -27)","(75.0, 0.0)","(-3, -78)","(-49, -98)","(4, -110)","(-15, -21)","(35, -21)","(-50, 0)","(24.0, 0.0)","(0.0, -27.0)","(-54, -78)","(0.0, -110.0)","(-100, -98)","(37, -27)","(74.0, 0.0)","(-4, -78)","(-50, -98)","(3, -110)","(-16, -21)","(34, -21)",0,200,10481
"(-50, 0)","(24.0, 0.0)","(0.0, -27.0)","(-54, -78)","(0.0, -110.0)","(-100, -98)","(37, -27)","(74.0, 0.0)","(-4, -78)","(-50, -98)","(3, -110)","(-16, -21)","(34, -21)","(-50, 0)","(23.0, 0.0)","(0.0, -27.0)","(-55, -78)","(0.0, -110.0)","(-101, -98)","(36, -27)","(73.0, 0.0)","(-5, -78)","(2, -110)","(-51, -98)","(-17, -21)","(33, -21)",0,200,10519
"(-50, 0)","(23.0, 0.0)","(0.0, -27.0)","(-55, -78)","(0.0, -110.0)","(-101, -98)","(36, -27)","(73.0, 0.0)","(-5, -78)","(2, -110)","(-51, -98)","(-17, -21)","(33, -21)","(-50, 0)","(22.0, 0.0)","(0.0, -27.0)","(-56, -78)","(0.0, -110.0)","(-102, -98)","(35, -27)","(72.0, 0.0)","(-6, -78)","(1, -110)","(-52, -98)","(-18, -21)","(32, -21)",0,200,10556
"(-50, 0)","(22.0, 0.0)","(0.0, -27.0)","(-56, -78)","(0.0, -110.0)","(-102, -98)","(35, -27)","(72.0, 0.0)","(-6, -78)","(1, -110)","(-52, -98)","(-18, -21)","(32, -21)","(-50, 0)","(21.0, 0.0)","(0.0, -27.0)","(-57, -78)","(0.0, -110.0)","(-103, -98)","(34, -27)","(71.0, 0.0)","(-7, -78)","(0, -110)","(-53, -98)","(-19, -21)","(31, -21)",0,200,10593
"(-50, 0)","(21.0, 0.0)","(0.0, -27.0)","(-57, -78)","(0.0, -110.0)","(-103, -98)","(34, -27)","(71.0, 0.0)","(-7, -78)","(0, -110)","(-53, -98)","(-19, -21)","(31, -21)","(-50, 0)","(20.0, 0.0)","(0.0, -27.0)","(-58, -78)","(0.0, -110.0)","(-104, -98)","(33, -27)","(70.0, 0.0)","(-8, -78)","(0.0, -110.0)","(-54, -98)","(-20, -21)","(30, -21)",0,200,10630
"(-50, 0)","(20.0, 0.0)","(0.0, -27.0)","(-58, -78)","(0.0, -110.0)","(-104, -98)","(33, -27)","(70.0, 0.0)","(-8, -78)","(0.0, -110.0)","(-54, -98)","(-20, -21)","(30, -21)","(-50, 0)","(19.0, 0.0)","(0.0, -27.0)","(-59, -78)","(0.0, -110.0)","(-105, -98)","(32, -27)","(69.0, 0.0)","(-9, -78)","(0.0, -110.0)","(-55, -98)","(-21, -21)","(29, -21)",0,200,10667
"(-50, 0)","(19.0, 0.0)","(0.0, -27.0)","(-59, -78)","(0.0, -110.0)","(-105, -98)","(32, -27)","(69.0, 0.0)","(-9, -78)","(0.0, -110.0)","(-55, -98)","(-21, -21)","(29, -21)","(-48, 0)","(20.0, 0.0)","(0.0, -27.0)","(-58, -78)","(0.0, -110.0)","(-104, -98)","(31, -27)","(68.0, 0.0)","(-10, -78)","(0.0, -110.0)","(-56, -98)","(-20, -21)","(28, -21)",0,200,10704
"(-48, 0)","(20.0, 0.0)","(0.0, -27.0)","(-58, -78)","(0.0, -110.0)","(-104, -98)","(31, -27)","(68.0, 0.0)","(-10, -78)","(0.0, -110.0)","(-56, -98)","(-20, -21)","(28, -21)","(-46, 0)","(21.0, 0.0)","(0.0, -27.0)","(-57, -78)","(0.0, -110.0)","(-103, -98)","(30, -27)","(67.0, 0.0)","(-11, -78)","(0.0, -110.0)","(-57, -98)","(-19, -21)","(27, -21)",1,200,10741
"(-46, 0)","(21.0, 0.0)","(0.0, -27.0)","(-57, -78)","(0.0, -110.0)","(-103, -98)","(30, -27)","(67.0, 0.0)","(-11, -78)","(0.0, -110.0)","(-57, -98)","(-19, -21)","(27, -21)","(-44, 0)","(22.0, 0.0)","(0.0, -27.0)","(-56, -78)","(0.0, -110.0)","(-102, -98)","(29, -27)","(66.0, 0.0)","(-12, -78)","(0.0, -110.0)","(-58, -98)","(-18, -21)","(26, -21)",1,200,10778
"(-44, 0)","(22.0, 0.0)","(0.0, -27.0)","(-56, -78)","(0.0, -110.0)","(-102, -98)","(29, -27)","(66.0, 0.0)","(-12, -78)","(0.0, -110.0)","(-58, -98)","(-18, -21)","(26, -21)","(-42, 0)","(23.0, 0.0)","(0.0, -27.0)","(-55, -78)","(0.0, -110.0)","(-101, -98)","(28, -27)","(65.0, 0.0)","(-13, -78)","(0.0, -110.0)","(-59, -98)","(-17, -21)","(25, -21)",1,200,10815
"(-42, 0)","(23.0, 0.0)","(0.0, -27.0)","(-55, -78)","(0.0, -110.0)","(-101, -98)","(28, -27)","(65.0, 0.0)","(-13, -78)","(0.0, -110.0)","(-59, -98)","(-17, -21)","(25, -21)","(-40, 0)","(24.0, 0.0)","(0.0, -27.0)","(-54, -78)","(0.0, -110.0)","(-100, -98)","(27, -27)","(64.0, 0.0)","(-14, -78)","(0.0, -110.0)","(-60, -98)","(-16, -21)","(24, -21)",1,200,10852
"(-40, 0)","(24.0, 0.0)","(0.0, -27.0)","(-54, -78)","(0.0, -110.0)","(-100, -98)","(27, -27)","(64.0, 0.0)","(-14, -78)","(0.0, -110.0)","(-60, -98)","(-16, -21)","(24, -21)","(-38, 0)","(25.0, 0.0)","(0.0, -27.0)","(-53, -78)","(0.0, -110.0)","(-99, -98)","(26, -27)","(63.0, 0.0)","(-15, -78)","(0.0, -110.0)","(-61, -98)","(-15, -21)","(23, -21)",1,200,10889
"(-38, 0)","(25.0, 0.0)","(0.0, -27.0)","(-53, -78)","(0.0, -110.0)","(-99, -98)","(26, -27)","(63.0, 0.0)","(-15, -78)","(0.0, -110.0)","(-61, -98)","(-15, -21)","(23, -21)","(-36, 0)","(26.0, 0.0)","(0.0, -27.0)","(-52, -78)","(0.0, -110.0)","(-98, -98)","(25, -27)","(62.0, 0.0)","(-16, -78)","(0.0, -110.0)","(-62, -98)","(-14, -21)","(22, -21)",1,200,10926
"(-36, 0)","(26.0, 0.0)","(0.0, -27.0)","(-52, -78)","(0.0, -110.0)","(-98, -98)","(25, -27)","(62.0, 0.0)","(-16, -78)","(0.0, -110.0)","(-62, -98)","(-14, -21)","(22, -21)","(-34, 0)","(27.0, 0.0)","(0.0, -27.0)","(-51, -78)","(0.0, -110.0)","(-97, -98)","(24, -27)","(61.0, 0.0)","(-17, -78)","(0.0, -110.0)","(-63, -98)","(-13, -21)","(21, -21)",1,200,10963
"(-34, 0)","(27.0, 0.0)","(0.0, -27.0)","(-51, -78)","(0.0, -110.0)","(-97, -98)","(24, -27)","(61.0, 0.0)","(-17, -78)","(0.0, -110.0)","(-63, -98)","(-13, -21)","(21, -21)","(-32, 0)","(0.0, -27.0)","(28.0, 0.0)","(-50, -78)","(0.0, -110.0)","(-96, -98)","(23, -27)","(60.0, 0.0)","(-18, -78)","(0.0, -110.0)","(-64, -98)","(-12, -21)","(20, -21)",1,200,11000
"(-32, 0)","(0.0, -27.0)","(28.0, 0.0)","(-50, -78)","(0.0, -110.0)","(-96, -98)","(23, -27)","(60.0, 0.0)","(-18, -78)","(0.0, -110.0)","(-64, -98)","(-12, -21)","(20, -21)","(-30, 0)","(0.0, -27.0)","(29.0, 0.0)","(-49, -78)","(0.0, -110.0)","(-95, -98)","(22, -27)","(59.0, 0.0)","(-19, -78)","(0.0, -110.0)","(-65, -98)","(-11, -21)","(19, -21)",1,200,11036
"(-30, 0)","(0.0, -27.0)","(29.0, 0.0)","(-49, -78)","(0.0, -110.0)","(-95, -98)","(22, -27)","(59.0, 0.0)","(-19, -78)","(0.0, -110.0)","(-65, -98)","(-11, -21)","(19, -21)","(-28, 0)","(0.0, -27.0)","(30.0, 0.0)","(-48, -78)","(0.0, -110.0)","(-94, -98)","(21, -27)","(58.0, 0.0)","(-20, -78)","(0.0, -110.0)","(-66, -98)","(-10, -21)","(18, -21)",1,200,11071
"(-28, 0)","(0.0, -27.0)","(30.0, 0.0)","(-48, -78)","(0.0, -110.0)","(-94, -98)","(21, -27)","(58.0, 0.0)","(-20, -78)","(0.0, -110.0)","(-66, -98)","(-10, -21)","(18, -21)","(-26, 0)","(0.0, -27.0)","(31.0, 0.0)","(-47, -78)","(0.0, -110.0)","(-93, -98)","(20, -27)","(57.0, 0.0)","(-21, -78)","(0.0, -110.0)","(-67, -98)","(-9, -21)","(17, -21)",1,200,11107
"(-26, 0)","(0.0, -27.0)","(31.0, 0.0)","(-47, -78)","(0.0, -110.0)","(-93, -98)","(20, -27)","(57.0, 0.0)","(-21, -78)","(0.0, -110.0)","(-67, -98)","(-9, -21)","(17, -21)","(-24, 0)","(0.0, -27.0)","(32.0, 0.0)","(-46, -78)","(0.0, -110.0)","(-92, -98)","(19, -27)","(56.0, 0.0)","(-22, -78)","(0.0, -110.0)","(-68, -98)","(-8, -21)","(16, -21)",1,200,11143
"(-24, 0)","(0.0, -27.0)","(32.0, 0.0)","(-46, -78)","(0.0, -110.0)","(-92, -98)","(19, -27)","(56.0, 0.0)","(-22, -78)","(0.0, -110.0)","(-68, -98)","(-8, -21)","(16, -21)","(-22, 0)","(0.0, -27.0)","(33.0, 0.0)","(-45, -78)","(0.0, -110.0)","(-91, -98)","(18, -27)","(55.0, 0.0)","(-23, -78)","(0.0, -110.0)","(-69, -98)","(-7, -21)","(15, -21)",1,200,11179
"(-22, 0)","(0.0, -27.0)","(33.0, 0.0)","(-45, -78)","(0.0, -110.0)","(-91, -98)","(18, -27)","(55.0, 0.0)","(-23, -78)","(0.0, -110.0)","(-69, -98)","(-7, -21)","(15, -21)","(-20, 0)","(0.0, -27.0)","(34.0, 0.0)","(-44, -78)","(0.0, -110.0)","(-90, -98)","(17, -27)","(54.0, 0.0)","(-24, -78)","(0.0, -110.0)","(-70, -98)","(-6, -21)","(14, -21)",1,200,11214
"(-20, 0)","(0.0, -27.0)","(34.0, 0.0)","(-44, -78)","(0.0, -110.0)","(-90, -98)","(17, -27)","(54.0, 0.0)","(-24, -78)","(0.0, -110.0)","(-70, -98)","(-6, -21)","(14, -21)","(-18, 0)","(0.0, -27.0)","(35.0, 0.0)","(-43, -78)","(0.0, -110.0)","(-89, -98)","(16, -27)","(53.0, 0.0)","(-25, -78)","(0.0, -110.0)","(-71, -98)","(-5, -21)","(13, -21)",1,200,11250
"(-18, 0)","(0.0, -27.0)","(35.0, 0.0)","(-43, -78)","(0.0, -110.0)","(-89, -98)","(16, -27)","(53.0, 0.0)","(-25, -78)","(0.0, -110.0)","(-71, -98)","(-5, -21)","(13, -21)","(-16, 0)","(0.0, -27.0)","(36.0, 0.0)","(-42, -78)","(0.0, -110.0)","(-88, -98)","(15, -27)","(52.0, 0.0)","(-26, -78)","(0.0, -110.0)","(-72, -98)","(-4, -21)","(12, -21)",1,200,11286
"(-16, 0)","(0.0, -27.0)","(36.0, 0.0)","(-42, -78)","(0.0, -110.0)","(-88, -98)","(15, -27)","(52.0, 0.0)","(-26, -78)","(0.0, -110.0)","(-72, -98)","(-4, -21)","(12, -21)","(-14, 0)","(0, -27)","(37.0, 0.0)","(-41, -78)","(0.0, -110.0)","(-87, -98)","(14, -27)","(51.0, 0.0)","(-27, -78)","(0.0, -110.0)","(-73, -98)","(-3, -21)","(11, -21)",1,200,11321
"(-14, 0)","(0, -27)","(37.0, 0.0)","(-41, -78)","(0.0, -110.0)","(-87, -98)","(14, -27)","(51.0, 0.0)","(-27, -78)","(0.0, -110.0)","(-73, -98)","(-3, -21)","(11, -21)","(-12, 0)","(1, -27)","(38.0, 0.0)","(-40, -78)","(0.0, -110.0)","(-86, -98)","(13, -27)","(50.0, 0.0)","(-28, -78)","(0.0, -110.0)","(-74, -98)","(-2, -21)","(10, -21)",1,200,11357
"(-12, 0)","(1, -27)","(38.0, 0.0)","(-40, -78)","(0.0, -110.0)","(-86, -98)","(13, -27)","(50.0, 0.0)","(-28, -78)","(0.0, -110.0)","(-74, -98)","(-2, -21)","(10, -21)","(-10, 0)","(2, -27)","(39.0, 0.0)","(-39, -78)","(0.0, -110.0)","(-85, -98)","(12, -27)","(49.0, 0.0)","(-29, -78)","(0.0, -110.0)","(-75, -98)","(-1, -21)","(9, -21)",1,200,11393
"(-10, 0)","(2, -27)","(39.0, 0.0)","(-39, -78)","(0.0, -110.0)","(-85, -98)","(12, -27)","(49.0, 0.0)","(-29, -78)","(0.0, -110.0)","(-75, -98)","(-1, -21)","(9, -21)","(-8, 0)","(3, -27)","(40.0, 0.0)","(-38, -78)","(0.0, -110.0)","(-84, -98)","(11, -27)","(48.0, 0.0)","(-30, -78)","(0.0, -110.0)","(-76, -98)","(0, -21)","(8, -21)",1,200,11429
"(-8, 0)","(3, -27)","(40.0, 0.0)","(-38, -78)","(0.0, -110.0)","(-84, -98)","(11, -27)","(48.0, 0.0)","(-30, -78)","(0.0, -110.0)","(-76, -98)","(0, -21)","(8, -21)","(-6, 0)","(4, -27)","(41.0, 0.0)","(-37, -78)","(0.0, -110.0)","(-83, -98)","(10, -27)","(47.0, 0.0)","(-31, -78)","(0.0, -110.0)","(-77, -98)","(1, -21)","(7, -21)",1,200,11464
"(-6, 0)","(4, -27)","(41.0, 0.0)","(-37, -78)","(0.0, -110.0)","(-83, -98)","(10, -27)","(47.0, 0.0)","(-31, -78)","(0.0, -110.0)","(-77, -98)","(1, -21)","(7, -21)","(-4, 0)","(5, -27)","(42.0, 0.0)","(-36, -78)","(0.0, -110.0)","(-82, -98)","(9, -27)","(46.0, 0.0)","(-32, -78)","(0.0, -110.0)","(-78, -98)","(2, -21)","(6, -21)",1,200,11500
"(-4, 0)","(5, -27)","(42.0, 0.0)","(-36, -78)","(0.0, -110.0)","(-82, -98)","(9, -27)","(46.0, 0.0)","(-32, -78)","(0.0, -110.0)","(-78, -98)","(2, -21)","(6, -21)","(-2, 0)","(6, -27)","(43.0, 0.0)","(-35, -78)","(0.0, -110.0)","(-81, -98)","(8, -27)","(45.0, 0.0)","(-33, -78)","(0.0, -110.0)","(-79, -98)","(3, -21)","(5, -21)",1,200,11536
"(-2, 0)","(6, -27)","(43.0, 0.0)","(-35, -78)","(0.0, -110.0)","(-81, -98)","(8, -27)","(45.0, 0.0)","(-33, -78)","(0.0, -110.0)","(-79, -98)","(3, -21)","(5, -21)","(0, 0)","(7, -27)","(44.0, 0.0)","(-34, -78)","(0.0, -110.0)","(-80, -98)","(7, -27)","(44.0, 0.0)","(-34, -78)","(0.0, -110.0)","(-80, -98)","(4, -21)","(4, -21)",1,200,11571
"(0, 0)","(7, -27)","(44.0, 0.0)","(-34, -78)","(0.0, -110.0)","(-80, -98)","(7, -27)","(44.0, 0.0)","(-34, -78)","(0.0, -110.0)","(-80, -98)","(4, -21)","(4, -21)","(2, 0)","(8, -27)","(45.0, 0.0)","(-33, -78)","(0.0, -110.0)","(-79, -98)","(6, -27)","(43.0, 0.0)","(-35, -78)","(0.0, -110.0)","(-81, -98)","(5, -21)","(3, -21)",1,200,11607
"(2, 0)","(8, -27)","(45.0, 0.0)","(-33, -78)","(0.0, -110.0)","(-79, -98)","(6, -27)","(43.0, 0.0)","(-35, -78)","(0.0, -110.0)","(-81, -98)","(5, -21)","(3, -21)","(4, 0)","(9, -27)","(46.0, 0.0)","(-32, -78)","(0.0, -110.0)","(-78, -98)","(5, -27)","(42.0, 0.0)","(-36, -78)","(0.0, -110.0)","(-82, -98)","(6, -21)","(2, -21)",1,200,11643
"(4, 0)","(9, -27)","(46.0, 0.0)","(-32, -78)","(0.0, -110.0)","(-78, -98)","(5, -27)","(42.0, 0.0)","(-36, -78)","(0.0, -110.0)","(-82, -98)","(6, -21)","(2, -21)","(6, 0)","(10, -27)","(47.0, 0.0)","(-31, -78)","(0.0, -110.0)","(-77, -98)","(4, -27)","(41.0, 0.0)","(-37, -78)","(0.0, -110.0)","(-83, -98)","(7, -21)","(1, -21)",1,200,11679
"(6, 0)","(10, -27)","(47.0, 0.0)","(-31, -78)","(0.0, -110.0)","(-77, -98)","(4, -27)","(41.0, 0.0)","(-37, -78)","(0.0, -110.0)","(-83, -98)","(7, -21)","(1, -21)","(8, 0)","(11, -27)","(48.0, 0.0)","(-30, -78)","(0.0, -110.0)","(-76, -98)","(3, -27)","(40.0, 0.0)","(-38, -78)","(0.0, -110.0)","(-84, -98)","(8, -21)","(0, -21)",1,200,11714
"(8, 0)","(11, -27)","(48.0, 0.0)","(-30, -78)","(0.0, -110.0)","(-76, -98)","(3, -27)","(40.0, 0.0)","(-38, -78)","(0.0, -110.0)","(-84, -98)","(8, -21)","(0, -21)","(10, 0)","(12, -27)","(49.0, 0.0)","(-29, -78)","(0.0, -110.0)","(-75, -98)","(2, -27)","(39.0, 0.0)","(-39, -78)","(0.0, -110.0)","(-85, -98)","(9, -21)","(-1, -21)",1,200,11750
"(10, 0)","(12, -27)","(49.0, 0.0)","(-29, -78)","(0.0, -110.0)","(-75, -98)","(2, -27)","(39.0, 0.0)","(-39, -78)","(0.0, -110.0)","(-85, -98)","(9, -21)","(-1, -21)","(12, 0)","(13, -27)","(50.0, 0.0)","(-28, -78)","(0.0, -110.0)","(-74, -98)","(1, -27)","(38.0, 0.0)","(-40, -78)","(0.0, -110.0)","(-86, -98)","(10, -21)","(-2, -21)",1,200,11786
"(12, 0)","(13, -27)","(50.0, 0.0)","(-28, -78)","(0.0, -110.0)","(-74, -98)","(1, -27)","(38.0, 0.0)","(-40, -78)","(0.0, -110.0)","(-86, -98)","(10, -21)","(-2, -21)","(14, 0)","(14, -27)","(51.0, 0.0)","(-27, -78)","(0.0, -110.0)","(-73, -98)","(0, -27)","(37.0, 0.0)","(-41, -78)","(0.0, -110.0)","(-87, -98)","(11, -21)","(-3, -21)",1,200,11821
"(14, 0)","(14, -27)","(51.0, 0.0)","(-27, -78)","(0.0, -110.0)","(-73, -98)","(0, -27)","(37.0, 0.0)","(-41, -78)","(0.0, -110.0)","(-87, -98)","(11, -21)","(-3, -21)","(16, 0)","(15, -27)","(52.0, 0.0)","(-26, -78)","(0.0, -110.0)","(-72, -98)","(0.0, -27.0)","(36.0, 0.0)","(-42, -78)","(0.0, -110.0)","(-88, -98)","(12, -21)","(-4, -21)",1,200,11857
"(16, 0)","(15, -27)","(52.0, 0.0)","(-26, -78)","(0.0, -110.0)","(-72, -98)","(0.0, -27.0)","(36.0, 0.0)","(-42, -78)","(0.0, -110.0)","(-88, -98)","(12, -21)","(-4, -21)","(18, 0)","(16, -27)","(53.0, 0.0)","(-25, -78)","(0.0, -110.0)","(-71, -98)","(0.0, -27.0)","(35.0, 0.0)","(-43, -78)","(0.0, -110.0)","(-89, -98)","(13, -21)","(-5, -21)",1,200,11893
"(18, 0)","(16, -27)","(53.0, 0.0)","(-25, -78)","(0.0, -110.0)","(-71, -98)","(0.0, -27.0)","(35.0, 0.0)","(-43, -78)","(0.0, -110.0)","(-89, -98)","(13, -21)","(-5, -21)","(20, 0)","(17, -27)","(54.0, 0.0)","(-24, -78)","(0.0, -110.0)","(-70, -98)","(0.0, -27.0)","(34.0, 0.0)","(-44, -78)","(0.0, -110.0)","(-90, -98)","(14, -21)","(-6, -21)",1,200,11929
"(20, 0)","(17, -27)","(54.0, 0.0)","(-24, -78)","(0.0, -110.0)","(-70, -98)","(0.0, -27.0)","(34.0, 0.0)","(-44, -78)","(0.0, -110.0)","(-90, -98)","(14, -21)","(-6, -21)","(22, 0)","(18, -27)","(55.0, 0.0)","(-23, -78)","(0.0, -110.0)","(-69, -98)","(0.0, -27.0)","(33.0, 0.0)","(-45, -78)","(0.0, -110.0)","(-91, -98)","(15, -21)","(-7, -21)",1,200,11964
"(22, 0)","(18, -27)","(55.0, 0.0)","(-23, -78)","(0.0, -110.0)","(-69, -98)","(0.0, -27.0)","(33.0, 0.0)","(-45, -78)","(0.0, -110.0)","(-91, -98)","(15, -21)","(-7, -21)","(24, 0)","(19, -27)","(56.0, 0.0)","(-22, -78)","(0.0, -110.0)","(-68, -98)","(0.0, -27.0)","(32.0, 0.0)","(-46, -78)","(0.0, -110.0)","(-92, -98)","(16, -21)","(-8, -21)",1,200,12000
"(24, 0)","(19, -27)","(56.0, 0.0)","(-22, -78)","(0.0, -110.0)","(-68, -98)","(0.0, -27.0)","(32.0, 0.0)","(-46, -78)","(0.0, -110.0)","(-92, -98)","(16, -21)","(-8, -21)","(26, 0)","(20, -27)","(57.0, 0.0)","(-21, -78)","(0.0, -110.0)","(-67, -98)","(0.0, -27.0)","(31.0, 0.0)","(-47, -78)","(0.0, -110.0)","(-93, -98)","(17, -21)","(-9, -21)",1,200,12037
"(26, 0)","(20, -27)","(57.0, 0.0)","(-21, -78)","(0.0, -110.0)","(-67, -98)","(0.0, -27.0)","(31.0, 0.0)","(-47, -78)","(0.0, -110.0)","(-93, -98)","(17, -21)","(-9, -21)","(28, 0)","(21, -27)","(58.0, 0.0)","(-20, -78)","(0.0, -110.0)","(-66, -98)","(0.0, -27.0)","(30.0, 0.0)","(-48, -78)","(0.0, -110.0)","(-94, -98)","(18, -21)","(-10, -21)",1,200,12074
"(28, 0)","(21, -27)","(58.0, 0.0)","(-20, -78)","(0.0, -110.0)","(-66, -98)","(0.0, -27.0)","(30.0, 0.0)","(-48, -78)","(0.0, -110.0)","(-94, -98)","(18, -21)","(-10, -21)","(30, 0)","(22, -27)","(59.0, 0.0)","(-19, -78)","(0.0, -110.0)","(-65, -98)","(0.0, -27.0)","(29.0, 0.0)","(-49, -78)","(0.0, -110.0)","(-95, -98)","(19, -21)","(-11, -21)",1,200,12111
"(30, 0)","(22, -27)","(59.0, 0.0)","(-19, -78)","(0.0, -110.0)","(-65, -98)","(0.0, -27.0)","(29.0, 0.0)","(-49, -78)","(0.0, -110.0)","(-95, -98)","(19, -21)","(-11, -21)","(32, 0)","(23, -27)","(60.0, 0.0)","(-18, -78)","(0.0, -110.0)","(-64, -98)","(0.0, -27.0)","(28.0, 0.0)","(-50, -78)","(0.0, -110.0)","(-96, -98)","(20, -21)","(-12, -21)",1,200,12148
"(32, 0)","(23, -27)","(60.0, 0.0)","(-18, -78)","(0.0, -110.0)","(-64, -98)","(0.0, -27.0)","(28.0, 0.0)","(-50, -78)","(0.0, -110.0)","(-96, -98)","(20, -21)","(-12, -21)","(34, 0)","(24, -27)","(61.0, 0.0)","(-17, -78)","(0.0, -110.0)","(-63, -98)","(27.0, 0.0)","(0.0, -27.0)","(-51, -78)","(0.0, -110.0)","(-97, -98)","(21, -21)","(-13, -21)",1,200,12185
"(34, 0)","(24, -27)","(61.0, 0.0)","(-17, -78)","(0.0, -110.0)","(-63, -98)","(27.0, 0.0)","(0.0, -27.0)","(-51, -78)","(0.0, -110.0)","(-97, -98)","(21, -21)","(-13, -21)","(36, 0)","(25, -27)","(62.0, 0.0)","(-16, -78)","(0.0, -110.0)","(-62, -98)","(26.0, 0.0)","(0.0, -27.0)","(-52, -78)","(0.0, -110.0)","(-98, -98)","(22, -21)","(-14, -21)",1,200,12222
"(36, 0)","(25, -27)","(62.0, 0.0)","(-16, -78)","(0.0, -110.0)","(-62, -98)","(26.0, 0.0)","(0.0, -27.0)","(-52, -78)","(0.0, -110.0)","(-98, -98)","(22, -21)","(-14, -21)","(38, 0)","(26, -27)","(63.0, 0.0)","(-15, -78)","(0.0, -110.0)","(-61, -98)","(25.0, 0.0)","(0.0, -27.0)","(-53, -78)","(0.0, -110.0)","(-99, -98)","(23, -21)","(-15, -21)",1,200,12259
"(38, 0)","(26, -27)","(63.0, 0.0)","(-15, -78)","(0.0, -110.0)","(-61, -98)","(25.0, 0.0)","(0.0, -27.0)","(-53, -78)","(0.0, -110.0)","(-99, -98)","(23, -21)","(-15, -21)","(40, 0)","(27, -27)","(64.0, 0.0)","(-14, -78)","(0.0, -110.0)","(-60, -98)","(24.0, 0.0)","(0.0, -27.0)","(-54, -78)","(0.0, -110.0)","(-100, -98)","(24, -21)","(-16, -21)",1,200,12296
"(40, 0)","(27, -27)","(64.0, 0.0)","(-14, -78)","(0.0, -110.0)","(-60, -98)","(24.0, 0.0)","(0.0, -27.0)","(-54, -78)","(0.0, -110.0)","(-100, -98)","(24, -21)","(-16, -21)","(42, 0)","(28, -27)","(65.0, 0.0)","(-13, -78)","(0.0, -110.0)","(-59, -98)","(23.0, 0.0)","(0.0, -27.0)","(-55, -78)","(0.0, -110.0)","(-101, -98)","(25, -21)","(-17, -21)",1,200,12333
"(42, 0)","(28, -27)","(65.0, 0.0)","(-13, -78)","(0.0, -110.0)","(-59, -98)","(23.0, 0.0)","(0.0, -27.0)","(-55, -78)","(0.0, -110.0)","(-101, -98)","(25, -21)","(-17, -21)","(44, 0)","(29, -27)","(66.0, 0.0)","(-12, -78)","(0.0, -110.0)","(-58, -98)","(22.0, 0.0)","(0.0, -27.0)","(-56, -78)","(0.0, -110.0)","(-102, -98)","(26, -21)","(-18, -21)",1,200,12370
"(44, 0)","(29, -27)","(66.0, 0.0)","(-12, -78)","(0.0, -110.0)","(-58, -98)","(22.0, 0.0)","(0.0, -27.0)","(-56, -78)","(0.0, -110.0)","(-102, -98)","(26, -21)","(-18, -21)","(46, 0)","(30, -27)","(67.0, 0.0)","(-11, -78)","(0.0, -110.0)","(-57, -98)","(21.0, 0.0)","(0.0, -27.0)","(-57, -78)","(0.0, -110.0)","(-103, -98)","(27, -21)","(-19, -21)",1,200,12407
"(46, 0)","(30, -27)","(67.0, 0.0)","(-11, -78)","(0.0, -110.0)","(-57, -98)","(21.0, 0.0)","(0.0, -27.0)","(-57, -78)","(0.0, -110.0)","(-103, -98)","(27, -21)","(-19, -21)","(48, 0)","(31, -27)","(68.0, 0.0)","(-10, -78)","(0.0, -110.0)","(-56, -98)","(20.0, 0.0)","(0.0, -27.0)","(-58, -78)","(0.0, -110.0)","(-104, -98)","(28, -21)","(-20, -21)",1,200,12444
"(48, 0)","(31, -27)","(68.0, 0.0)","(-10, -78)","(0.0, -110.0)","(-56, -98)","(20.0, 0.0)","(0.0, -27.0)","(-58, -78)","(0.0, -110.0)","(-104, -98)","(28, -21)","(-20, -21)","(50, 0)","(32, -27)","(69.0, 0.0)","(-9, -78)","(0.0, -110.0)","(-55, -98)","(19.0, 0.0)","(0.0, -27.0)","(-59, -78)","(0.0, -110.0)","(-105, -98)","(29, -21)","(-21, -21)",1,200,12481
"(50, 0)","(32, -27)","(69.0, 0.0)","(-9, -78)","(0.0, -110.0)","(-55, -98)","(19.0, 0.0)","(0.0, -27.0)","(-59, -78)","(0.0, -110.0)","(-105, -98)","(29, -21)","(-21, -21)","(50, 0)","(31, -27)","(68.0, 0.0)","(-10, -78)","(0.0, -110.0)","(-56, -98)","(18.0, 0.0)","(0.0, -27.0)","(-60, -78)","(0.0, -110.0)","(-106, -98)","(28, -21)","(-22, -21)",1,200,12519
"(50, 0)","(31, -27)","(68.0, 0.0)","(-10, -78)","(0.0, -110.0)","(-56, -98)","(18.0, 0.0)","(0.0, -27.0)","(-60, -78)","(0.0, -110.0)","(-106, -98)","(28, -21)","(-22, -21)","(50, 0)","(30, -27)","(67.0, 0.0)","(-11, -78)","(0.0, -110.0)","(-57, -98)","(17.0, 0.0)","(0.0, -27.0)","(-61, -78)","(0.0, -110.0)","(-107, -98)","(27, -21)","(-23, -21)",1,200,12556
"(50, 0)","(30, -27)","(67.0, 0.0)","(-11, -78)","(0.0, -110.0)","(-57, -98)","(17.0, 0.0)","(0.0, -27.0)","(-61, -78)","(0.0, -110.0)","(-107, -98)","(27, -21)","(-23, -21)","(50, 0)","(29, -27)","(66.0, 0.0)","(-12, -78)","(0.0, -110.0)","(-58, -98)","(16.0, 0.0)","(0.0, -27.0)","(-62, -78)","(0.0, -110.0)","(-108, -98)","(26, -21)","(-24, -21)",1,200,12593
"(50, 0)","(29, -27)","(66.0, 0.0)","(-12, -78)","(0.0, -110.0)","(-58, -98)","(16.0, 0.0)","(0.0, -27.0)","(-62, -78)","(0.0, -110.0)","(-108, -98)","(26, -21)","(-24, -21)","(50, 0)","(28, -27)","(65.0, 0.0)","(-13, -78)","(0.0, -110.0)","(-59, -98)","(15.0, 0.0)","(0.0, -27.0)","(-63, -78)","(0.0, -110.0)","(142, -33)","(25, -21)","(-25, -21)",1,200,12630
"(50, 0)","(28, -27)","(65.0, 0.0)","(-13, -78)","(0.0, -110.0)","(-59, -98)","(15.0, 0.0)","(0.0, -27.0)","(-63, -78)","(0.0, -110.0)","(142, -33)","(25, -21)","(-25, -21)","(50, 0)","(27, -27)","(64.0, 0.0)","(-14, -78)","(0.0, -110.0)","(-60, -98)","(14.0, 0.0)","(0.0, -27.0)","(-64, -78)","(0.0, -110.0)","(141, -33)","(24, -21)","(-26, -21)",1,200,12667
"(50, 0)","(27, -27)","(64.0, 0.0)","(-14, -78)","(0.0, -110.0)","(-60, -98)","(14.0, 0.0)","(0.0, -27.0)","(-64, -78)","(0.0, -110.0)","(141, -33)","(24, -21)","(-26, -21)","(50, 0)","(26, -27)","(63.0, 0.0)","(-15, -78)","(0.0, -110.0)","(-61, -98)","(13.0, 0.0)","(0.0, -27.0)","(-65, -78)","(0.0, -110.0)","(140, -33)","(23, -21)","(-27, -21)",1,200,12704
"(50, 0)","(26, -27)","(63.0, 0.0)","(-15, -78)","(0.0, -110.0)","(-61, -98)","(13.0, 0.0)","(0.0, -27.0)","(-65, -78)","(0.0, -110.0)","(140, -33)","(23, -21)","(-27, -21)","(50, 0)","(25, -27)","(62.0, 0.0)","(-16, -78)","(0.0, -110.0)","(-62, -98)","(12.0, 0.0)","(0.0, -27.0)","(-66, -78)","(0.0, -110.0)","(139, -33)","(22, -21)","(-28, -21)",1,200,12741
"(50, 0)","(25, -27)","(62.0, 0.0)","(-16, -78)","(0.0, -110.0)","(-62, -98)","(12.0, 0.0)","(0.0, -27.0)","(-66, -78)","(0.0, -110.0)","(139, -33)","(22, -21)","(-28, -21)","(50, 0)","(24, -27)","(61.0, 0.0)","(-17, -78)","(0.0, -110.0)","(-63, -98)","(11.0, 0.0)","(0.0, -27.0)","(-67, -78)","(0.0, -110.0)","(138, -33)","(21, -21)","(-29, -21)",1,200,12778
"(50, 0)","(24, -27)","(61.0, 0.0)","(-17, -78)","(0.0, -110.0)","(-63, -98)","(11.0, 0.0)","(0.0, -27.0)","(-67, -78)","(0.0, -110.0)","(138, -33)","(21, -21)","(-29, -21)","(50, 0)","(23, -27)","(60.0, 0.0)","(-18, -78)","(0.0, -110.0)","(-64, -98)","(10.0, 0.0)","(0.0, -27.0)","(-68, -78)","(0.0, -110.0)","(137, -33)","(20, -21)","(-30, -21)",1,200,12815
"(50, 0)","(23, -27)","(60.0, 0.0)","(-18, -78)","(0.0, -110.0)","(-64, -98)","(10.0, 0.0)","(0.0, -27.0)","(-68, -78)","(0.0, -110.0)","(137, -33)","(20, -21)","(-30, -21)","(50, 0)","(22, -27)","(59.0, 0.0)","(-19, -78)","(0.0, -110.0)","(-65, -98)","(9.0, 0.0)","(0.0, -27.0)","(-69, -78)","(0.0, -110.0)","(136, -33)","(19, -21)","(-31, -21)",1,200,12852
"(50, 0)","(22, -27)","(59.0, 0.0)","(-19, -78)","(0.0, -110.0)","(-65, -98)","(9.0, 0.0)","(0.0, -27.0)","(-69, -78)","(0.0, -110.0)","(136, -33)","(19, -21)","(-31, -21)","(50, 0)","(21, -27)","(58.0, 0.0)","(-20, -78)","(0.0, -110.0)","(-66, -98)","(8.0, 0.0)","(0.0, -27.0)","(-70, -78)","(0.0, -110.0)","(135, -33)","(18, -21)","(-32, -21)",1,200,12889
"(50, 0)","(21, -27)","(58.0, 0.0)","(-20, -78)","(0.0, -110.0)","(-66, -98)","(8.0, 0.0)","(0.0, -27.0)","(-70, -78)","(0.0, -110.0)","(135, -33)","(18, -21)","(-32, -21)","(50, 0)","(20, -27)","(57.0, 0.0)","(-21, -78)","(0.0, -110.0)","(-67, -98)","(7.0, 0.0)","(0.0, -27.0)","(-71, -78)","(0.0, -110.0)","(134, -33)","(17, -21)","(-33, -21)",1,200,12926
"(50, 0)","(20, -27)","(57.0, 0.0)","(-21, -78)","(0.0, -110.0)","(-67, -98)","(7.0, 0.0)","(0.0, -27.0)","(-71, -78)","(0.0, -110.0)","(134, -33)","(17, -21)","(-33, -21)","(50, 0)","(19, -27)","(56.0, 0.0)","(-22, -78)","(0.0, -110.0)","(-68, -98)","(6.0, 0.0)","(0.0, -27.0)","(-72, -78)","(0.0, -110.0)","(133, -33)","(16, -21)","(-34, -21)",1,200,12963
"(50, 0)","(19, -27)","(56.0, 0.0)","(-22, -78)","(0.0, -110.0)","(-68, -98)","(6.0, 0.0)","(0.0, -27.0)","(-72, -78)","(0.0, -110.0)","(133, -33)","(16, -21)","(-34, -21)","(49, 0)","(18, -27)","(55.0, 0.0)","(-23, -78)","(0.0, -110.0)","(-69, -98)","(6.0, 0.0)","(0.0, -27.0)","(-72, -78)","(0.0, -110.0)","(133, -33)","(15, -21)","(-34, -21)",1,200,13999
"(49, 0)","(18, -27)","(55.0, 0.0)","(-23, -78)","(0.0, -110.0)","(-69, -98)","(6.0, 0.0)","(0.0, -27.0)","(-72, -78)","(0.0, -110.0)","(133, -33)","(15, -21)","(-34, -21)",,,,,,,,,,,,,,1,-99800,15999
